{
    "rmse": 0.6024207931522614,
    "mae": 0.6317355172747519,
    "r2": 0.07817078529578203
}